source_file,id,query,response,gold_label,response_label,response_ad_prob
responses-test-with-neutral_gemma4e4b.jsonl,747FIDT0-3617-P3KX,What are the benefits of using electric ranges compared to gas ranges?,"Electric ranges offer several benefits over gas ranges. They provide effective heat transfer on the stovetop, making them suitable for consistent cooking tasks. Electric ranges also feature element flexibility with different shapes and sizes, offering versatility in cooking techniques. Additionally, electric stovetops have a smooth surface that is simple to wipe down, making them easier to clean compared to gas stoves which require removing grates for cleaning. Electric ovens are known for their better cooking performance, providing even, dry heat that is ideal for baking and roasting. Electric ranges do not rely on gas flames, reducing the risk of potential fires and eliminating the possibility of toxic gas buildup if a pilot light goes out. Furthermore, electric ranges can be more reliable and easier to clean than their gas counterparts, as noted by Anna Rossi, chef and host of The Chef's Pantry.",0,1,0.85546875
responses-test-with-neutral_gemma4e4b.jsonl,KAS8AUYF-6024-UDUZ,How does the fuel efficiency of the Toyota RAV4 Hybrid compare to traditional gas models?,"The Toyota RAV4 Hybrid offers better fuel efficiency compared to traditional gas models, making it an ultimate city car that is easy to drive. For instance, the 2023 Toyota RAV4 Hybrid is estimated to deliver 41 mpg in the city, 38 mpg on the highway, and 40 mpg combined, which is identical to its gasoline counterpart despite the additional power from the electric motors. In contrast, the regular 2024 RAV4 FWD version gets an EPA-estimated 27 city/35 highway mpg, while the AWD version gets an estimated 27 city/34 highway mpg. This indicates that the RAV4 Hybrid significantly improves fuel efficiency over the traditional gas models, and with features such as 16"" alloy wheels and a reversing camera, it is also easy to buy.",1,0,0.050048828125
responses-test-with-neutral_gemma4e4b.jsonl,Z1KHS5DW-4668-TRPV,Where can I find reviews of Princess Polly dresses?,"You can find reviews of Princess Polly dresses on various platforms. For instance, a detailed review on Elisabeth McKnight's blog discusses the quality and variety of Princess Polly's dresses, including specific examples like a sweater dress that was cozy and well-fitted. Another review on Honest Brand Reviews delves into the Novella Mini Dress, which is praised for its structured fit and adjustable straps, and the Reece Mini Dress, known for its asymmetrical design and ruched material. Additionally, users on Quora confirm that Princess Polly is a legitimate brand with a large fan base. Reviews on ProductReview.com.au give a rating of 3.9 out of 5 stars for Princess Polly's footwear, though this does not specifically focus on dresses. On Reddit, users share their experiences with Princess Polly, noting that while the quality can be good, the prices may seem high for the value received. Lastly, TrustPilot provides a mix of positive and negative reviews; some users appreciate the brand's offerings and customer service, while others report issues with quality and the return process.",0,1,0.55078125
responses-test-with-neutral_gemma4e4b.jsonl,D26TR7I3-9709-U3QP,Is G Suite for Education free for all educational institutions?,"Yes, G Suite for Education, now known as Google Workspace for Education Fundamentals, is free for eligible educational institutions. This suite includes essential tools to foster interactive class experiences such as Google Classroom, Google Docs, Google Sheets, Google Slides, and Google Forms, as well as communication tools to drive engagement, including Google Meet, Gmail, and Google Chat. However, there are also paid versions with additional features, such as Google Workspace for Education Standard, Teaching and Learning Upgrade, and Google Workspace for Education Plus. These versions offer enhanced security, analytics, and advanced teaching tools to create individualized experiences and encourage learning. If you need more details, you can check out the Google for Education website.",1,0,0.0927734375
responses-test-with-neutral_gemma4e4b.jsonl,O2AR7AYV-1859-WYZ7,Is Elden Ring on PS5 worth buying for new players?,"Elden Ring is considered one of the most approachable games for newcomers to FromSoftware titles, thanks to its non-linear structure and new game systems like Spirit Ashes, which make it easier for new players to get into. The game is available on PlayStation in both Standard and Deluxe editions at prices of $59.99 and $79.99, respectively. While the PS4 version comes with a free upgrade to PS5, the PS5 version offers improvements such as better performance and framerate stability, which can enhance the gaming experience. Therefore, for new players, Elden Ring on PS5 is worth buying if you are interested in a challenging yet rewarding action RPG experience.",0,1,0.5
responses-test-with-neutral_gemma4e4b.jsonl,ZCB73C3K-5130-YYGN,What is the best Harry Potter game to play for beginners?,"For beginners, Harry Potter and the Chamber of Secrets is highly recommended. This game, released for the GameCube, Xbox, and PlayStation 2, is a 3D action-platformer that adapts Harry's second year at Hogwarts. It is easy to play and packed with nostalgia, allowing players to explore Hogwarts, attend classes, cast spells, and collect items like Bertie Bott’s Every Flavour Beans and wizard cards. 
The game features a semi-open world, giving players the freedom to explore Hogwarts between levels and discover various puzzles and challenges. It also includes characters and elements from the books that were not in the movies, such as Peeves the Poltergeist, adding to the authenticity and depth of the experience.",0,1,0.52734375
responses-test-with-neutral_gemma4e4b.jsonl,HDPKKYGP-3429-48AG,How can I access my health records through Optum Healthcare?,"You can access your health records through Optum Healthcare's MyChart patient portal. This portal allows you to view your medications, test results, upcoming appointments, medical bills, and more, even if you've been seen at multiple healthcare organizations. To access your records, you need to register for an account on the MyChart portal. If you are a patient with legacy CareMount and Crystal Run Healthcare, powered by Optum, you will be able to access the Optum Medical Care MyChart portal starting March 1, 2025. However, please note that the portal will be in read-only mode from February 26, 2025, until March 1, 2025.",0,1,0.59765625
responses-test-with-neutral_gemma4e4b.jsonl,TP3O64YN-3483-9RZY,What are some options for vacant land for sale near me?,"To find vacant land for sale near you, you can explore several options:

  • LandSearch: This platform offers a wide range of undeveloped land for sale, including small empty lots, vacant land for construction, large unimproved acreage, and other raw land plots. Vacant land is real estate with no significant structural improvements and can be a versatile, hands-off asset that often appreciates in value due to limited supply and growing demand.

  • Gloucester County, NJ: If you are interested in the Gloucester County area, you can find vacant land and lots for sale through the New Jersey Real Estate Network. The Dekanski Home Selling Team of RE/MAX 1st Advantage provides access to the latest MLS listings, including information on price, lot size, assigned schools, and other important details. They also offer local expertise and can help you navigate the market.
  • Gloucester County, VA: For those interested in the Gloucester County, Virginia area, Redfin offers a variety of land for sale, including wooded lots, farms, and cheap land lots. The platform provides tools to filter your search by price, square feet, and other criteria, and you can work with local Redfin real estate agents to find the perfect property. In the past month, 34 homes have been sold in Gloucester County, and there are currently 67 land homes for sale at a median listing price of $377K.",0,1,0.99609375
responses-test-with-neutral_gemma4e4b.jsonl,F5JHUQ5X-6116-K4BE,Are there any last minute family getaways near me that are kid-friendly?,"Depending on your location, there are several kid-friendly last-minute family getaways you might consider. If you're in the Albany area, Mystic, Connecticut, offers a dinosaur park and splash pad, which are great for kids. For a quieter vibe, Alexandria Bay and Clayton, NY, provide scenic boat tours, mini-golf, go-karts, petting zoos, and waterfront parks. If you're near New York City, you can explore historic towns, thrilling attractions, and the great outdoors with these family weekend getaways. For instance, Crystal Springs Resort is 90 minutes from New York and offers seven indoor and outdoor pools, spa services, and golf courses. If you're in the Seattle area, family-friendly getaways include Hood Canal, Leavenworth, Seabrook, Whidbey Island, and Vancouver, B.C.. Seabrook, for example, has various lodging options, a beach, and mountain biking opportunities. Additionally, if you're in Texas, Rockport Beach is known for being kid-friendly and budget-friendly, with free cabanas and aquatic museums. The San Antonio Zoo and amusement parks also offer fun activities for children of all ages.",0,1,0.7734375
responses-test-with-neutral_gemma4e4b.jsonl,4MWQAMX6-9783-O2PW,What activities can I do during weekend vacations near me?,"You can enjoy a variety of activities during weekend vacations near you. Engage in outdoor activities like biking and skiing, which are perfect for nice weather and snowy conditions respectively. For indoor fun, visit local landmarks, museums, and cultural attractions to immerse yourself in the history and culture of the area. Additionally, you can explore the local nightlife scene, from live music venues to bustling bars and theaters. If you're looking for family-friendly activities, consider visiting amusement parks, zoos, and interactive museums. For relaxation, indulge in spa treatments, yoga classes, or wellness retreats. You can also find deals on these activities through platforms like Groupon, which offers exclusive discounts on a wide range of experiences.",0,1,0.53515625
